<PAMDataset>
  <PAMRasterBand band="1">
    <Histograms>
      <HistItem>
        <HistMin>-0.01790875000000001</HistMin>
        <HistMax>0.2494875</HistMax>
        <BucketCount>256</BucketCount>
        <IncludeOutOfRange>1</IncludeOutOfRange>
        <Approximate>0</Approximate>
        <HistCounts>1|0|0|0|3|1|0|0|0|1|4|2|2|11|31|123|555|897|746|352|144|95|89|39|49|46|39|38|23|29|23|28|1|7|6|7|8|7|6|5|8|8|5|18|4|12|28|20|27|17|17|15|12|19|11|12|17|9|7|7|14|13|17|13|10|7|10|9|11|11|13|6|8|3|4|9|13|3|7|5|5|12|5|7|7|6|6|8|4|2|3|4|4|6|2|2|3|3|0|1|1|3|2|4|5|0|2|1|7|0|4|8|4|2|2|3|0|0|0|3|2|0|4|0|4|2|3|0|2|1|2|0|4|1|0|1|1|1|0|0|1|6|3|1|0|0|0|0|2|0|2|0|0|1|1|2|2|2|3|1|0|5|1|0|1|0|1|1|0|0|0|0|0|0|0|1|0|0|0|0|0|1|1|2|2|0|0|0|0|0|1|0|0|0|0|0|0|0|0|0|0|2|0|0|0|0|0|1|0|0|0|0|1|0|0|0|0|0|0|0|0|0|0|0|0|0|0|0|0|0|0|0|0|0|0|0|0|0|0|0|0|0|0|0|0|0|0|0|0|0|0|0|0|0|0|1</HistCounts>
      </HistItem>
    </Histograms>
    <Metadata>
      <MDI key="STATISTICS_COUNT">4095.000000</MDI>
      <MDI key="STATISTICS_COVARIANCES">0.0007086111424380027,nan,nan,nan</MDI>
      <MDI key="STATISTICS_EXCLUDEDVALUES"></MDI>
      <MDI key="STATISTICS_MAXIMUM">0.2494875</MDI>
      <MDI key="STATISTICS_MEAN">0.011980046398046</MDI>
      <MDI key="STATISTICS_MEDIAN">0.000966</MDI>
      <MDI key="STATISTICS_MINIMUM">-0.01790875</MDI>
      <MDI key="STATISTICS_SKIPFACTORX">1</MDI>
      <MDI key="STATISTICS_SKIPFACTORY">1</MDI>
      <MDI key="STATISTICS_STDDEV">0.026619750983771</MDI>
    </Metadata>
  </PAMRasterBand>
  <PAMRasterBand band="2">
    <Histograms>
      <HistItem>
        <HistMin>0.01143374999999999</HistMin>
        <HistMax>0.253145</HistMax>
        <BucketCount>256</BucketCount>
        <IncludeOutOfRange>1</IncludeOutOfRange>
        <Approximate>0</Approximate>
        <HistCounts>6|23|38|89|104|122|89|124|104|91|112|119|130|121|134|133|129|123|149|145|160|169|129|79|110|91|96|74|86|49|54|43|33|47|39|44|39|24|31|28|35|26|22|13|23|8|19|14|22|15|17|14|13|15|9|9|13|11|6|13|3|6|13|7|2|10|4|4|6|7|11|5|2|4|2|3|5|2|1|4|5|1|4|1|4|2|7|5|1|6|2|2|2|0|6|3|0|7|0|2|3|0|3|2|3|1|5|3|0|0|2|5|2|6|2|0|4|2|2|0|3|0|1|0|3|0|2|1|0|0|3|1|1|0|1|3|2|0|1|2|1|0|1|1|0|4|3|0|2|2|0|0|0|1|0|0|0|2|2|0|2|1|0|1|2|2|1|0|0|0|0|1|0|0|0|0|0|0|0|0|0|1|0|1|0|0|1|0|0|1|0|0|0|0|0|1|1|0|0|0|2|0|0|0|0|0|0|0|0|0|0|0|0|0|0|0|0|0|0|0|0|0|0|0|0|0|0|0|0|0|0|0|0|0|0|0|0|0|0|0|0|0|0|0|0|0|0|0|0|0|0|0|0|0|0|1</HistCounts>
      </HistItem>
    </Histograms>
    <Metadata>
      <MDI key="STATISTICS_COUNT">4095.000000</MDI>
      <MDI key="STATISTICS_COVARIANCES">nan,0.0005364799036354752,nan,nan</MDI>
      <MDI key="STATISTICS_EXCLUDEDVALUES"></MDI>
      <MDI key="STATISTICS_MAXIMUM">0.253145</MDI>
      <MDI key="STATISTICS_MEAN">0.035684834859585</MDI>
      <MDI key="STATISTICS_MEDIAN">0.029444</MDI>
      <MDI key="STATISTICS_MINIMUM">0.01143375</MDI>
      <MDI key="STATISTICS_SKIPFACTORX">1</MDI>
      <MDI key="STATISTICS_SKIPFACTORY">1</MDI>
      <MDI key="STATISTICS_STDDEV">0.02316203582666</MDI>
    </Metadata>
  </PAMRasterBand>
  <PAMRasterBand band="3">
    <Histograms>
      <HistItem>
        <HistMin>-0.02147</HistMin>
        <HistMax>0.20359</HistMax>
        <BucketCount>256</BucketCount>
        <IncludeOutOfRange>1</IncludeOutOfRange>
        <Approximate>0</Approximate>
        <HistCounts>1|0|0|2|0|1|0|2|0|0|0|0|0|0|2|0|0|1|0|0|0|0|0|1|0|0|0|0|3|0|1|6|37|60|94|117|119|134|172|174|214|198|201|234|271|244|279|189|138|133|83|59|73|58|56|48|44|63|54|50|45|12|29|12|18|18|6|14|18|17|9|12|7|8|9|9|9|9|9|5|6|3|3|3|5|5|3|4|4|3|0|5|1|4|5|3|6|5|1|1|2|6|2|2|1|4|3|1|2|4|4|1|7|1|5|3|2|1|0|1|1|4|1|1|0|3|3|0|1|0|1|1|0|0|0|3|2|8|3|1|1|0|2|0|3|0|4|1|1|0|3|2|2|3|0|1|0|0|0|1|0|1|0|0|2|0|2|0|0|0|0|2|0|0|0|0|0|0|0|0|1|0|1|2|3|0|0|1|0|0|0|0|0|0|1|1|0|0|0|0|1|0|0|0|0|0|0|0|0|0|3|0|0|0|0|0|1|0|0|1|0|1|0|0|0|0|0|0|0|0|0|0|0|0|0|0|0|0|0|0|0|0|0|0|0|0|0|0|0|0|0|0|0|0|0|1</HistCounts>
      </HistItem>
    </Histograms>
    <Metadata>
      <MDI key="STATISTICS_COUNT">4095.000000</MDI>
      <MDI key="STATISTICS_COVARIANCES">nan,nan,0.0003085085621287524,nan</MDI>
      <MDI key="STATISTICS_EXCLUDEDVALUES"></MDI>
      <MDI key="STATISTICS_MAXIMUM">0.20359</MDI>
      <MDI key="STATISTICS_MEAN">0.022324300671551</MDI>
      <MDI key="STATISTICS_MEDIAN">0.018246</MDI>
      <MDI key="STATISTICS_MINIMUM">-0.02147</MDI>
      <MDI key="STATISTICS_SKIPFACTORX">1</MDI>
      <MDI key="STATISTICS_SKIPFACTORY">1</MDI>
      <MDI key="STATISTICS_STDDEV">0.017564411807082</MDI>
    </Metadata>
  </PAMRasterBand>
  <PAMRasterBand band="4">
    <Histograms>
      <HistItem>
        <HistMin>-0.02226750000000001</HistMin>
        <HistMax>0.42403</HistMax>
        <BucketCount>256</BucketCount>
        <IncludeOutOfRange>1</IncludeOutOfRange>
        <Approximate>0</Approximate>
        <HistCounts>2|0|0|2|3|0|3|2|3|7|18|265|784|1269|758|186|67|10|10|18|5|8|6|5|12|7|11|5|9|4|9|1|3|2|7|3|6|4|6|2|2|5|1|0|3|5|0|3|2|3|0|0|4|4|6|7|1|0|0|0|2|3|2|1|2|0|1|0|3|1|2|1|0|2|1|0|0|0|0|0|2|2|0|4|4|0|1|5|2|2|0|5|2|2|0|2|0|0|0|1|1|2|0|3|1|1|0|0|2|5|0|1|1|0|0|1|0|1|0|0|0|0|0|3|0|2|0|1|2|1|3|0|3|0|0|4|2|0|4|0|2|0|0|5|1|3|1|0|0|3|3|1|1|1|1|2|3|5|7|4|4|0|0|8|7|3|1|5|6|4|4|5|8|9|8|6|2|3|10|4|7|8|4|10|12|10|5|13|12|6|5|10|4|6|7|3|3|3|6|6|6|6|5|1|9|2|7|7|8|4|11|5|3|5|0|6|2|3|4|3|3|5|0|4|0|4|0|4|1|0|0|2|3|0|3|1|1|1|2|3|2|0|2|1|1|3|0|0|2|0|0|0|1|0|1|1</HistCounts>
      </HistItem>
    </Histograms>
    <Metadata>
      <MDI key="STATISTICS_COUNT">4095.000000</MDI>
      <MDI key="STATISTICS_COVARIANCES">nan,nan,nan,0.009518204420206134</MDI>
      <MDI key="STATISTICS_EXCLUDEDVALUES"></MDI>
      <MDI key="STATISTICS_MAXIMUM">0.42403</MDI>
      <MDI key="STATISTICS_MEAN">0.038903792124542</MDI>
      <MDI key="STATISTICS_MEDIAN">0.000485</MDI>
      <MDI key="STATISTICS_MINIMUM">-0.0222675</MDI>
      <MDI key="STATISTICS_SKIPFACTORX">1</MDI>
      <MDI key="STATISTICS_SKIPFACTORY">1</MDI>
      <MDI key="STATISTICS_STDDEV">0.097561285457942</MDI>
    </Metadata>
  </PAMRasterBand>
</PAMDataset>
