{
  "Version" : 1,
  "NumBands" : 4,
  "TileSizeX" : 64,
  "TileSizeY" : 64,
  "NumClasses" : 5,
  "NumTiles" : 71,
  "NumTilesAsDouble" : 71,
  "NextTileIndex" : 152,
  "OutputFeatures" : true,
  "MetaDataMode" : "Classified_Tiles",
  "MinCellSize" : {
    "x" : 0.0002694945852358536,
    "y" : 0.00026949458523585853,
    "spatialReference" : {
      "wkid" : 4326,
      "latestWkid" : 4326
    }
  },
  "MaxCellSize" : {
    "x" : 0.0002694945852358536,
    "y" : 0.00026949458523585853,
    "spatialReference" : {
      "wkid" : 4326,
      "latestWkid" : 4326
    }
  },
  "Classes" : [
    {
      "ClassValue" : 1,
      "ClassName" : "1",
      "Color" : [
        240,
        75,
        21
      ]
    },
    {
      "ClassValue" : 2,
      "ClassName" : "2",
      "Color" : [
        110,
        136,
        41
      ]
    },
    {
      "ClassValue" : 3,
      "ClassName" : "3",
      "Color" : [
        85,
        44,
        143
      ]
    },
    {
      "ClassValue" : 4,
      "ClassName" : "4",
      "Color" : [
        157,
        254,
        173
      ]
    },
    {
      "ClassValue" : 5,
      "ClassName" : "5",
      "Color" : [
        218,
        146,
        223
      ]
    }
  ],
  "FeatureStats" : {
    "NumClasses" : 5,
    "NumImagesTotal" : 71,
    "NumFeaturesTotal" : 276,
    "NumImagesPerClass" : [
      28,
      24,
      45,
      36,
      12
    ],
    "NumFeaturesPerClass" : [
      52,
      81,
      78,
      52,
      13
    ],
    "NumFeaturesPerImage" : {
      "Min" : 1,
      "Max" : 15,
      "Mean" : 3.887323943661972,
      "Sum" : 276,
      "Count" : 71
    },
    "FeatureAreaPerClass" : [
      {
        "Min" : 1.0794848361323085e-09,
        "Max" : 1.8956976494827147e-06,
        "Mean" : 6.4114211391520171e-07,
        "Sum" : 3.3339389923590487e-05,
        "Count" : 52
      },
      {
        "Min" : 2.0996190398023524e-08,
        "Max" : 2.4338643116135902e-06,
        "Mean" : 4.7531699447347358e-07,
        "Sum" : 3.850067655235136e-05,
        "Count" : 81
      },
      {
        "Min" : 5.8533459110632789e-08,
        "Max" : 2.1765128896039813e-05,
        "Mean" : 6.4968594962563452e-06,
        "Sum" : 0.00050675504070799493,
        "Count" : 78
      },
      {
        "Min" : 3.7653136941724316e-09,
        "Max" : 4.1091518018205862e-05,
        "Mean" : 1.125866224929631e-05,
        "Sum" : 0.00058545043696340811,
        "Count" : 52
      },
      {
        "Min" : 4.9149207479891449e-06,
        "Max" : 2.5289603191297106e-05,
        "Mean" : 1.0989262651166117e-05,
        "Sum" : 0.00014286041446515951,
        "Count" : 13
      }
    ]
  },
  "InputRastersProps" : {
    "RasterCount" : 1,
    "SensorName" : "MultiSpectral",
    "BandNames" : [
      "",
      "",
      "",
      ""
    ]
  },
  "BandStatsState" : [
    {
      "Min" : -0.054167500000000014,
      "Max" : 0.27504875000000001,
      "Mean" : 0,
      "StdDev" : 0,
      "M1" : 0.039432165522537074,
      "M2" : 151.0530866048926,
      "Num" : 287482
    },
    {
      "Min" : -0.015296250000000011,
      "Max" : 0.3276425,
      "Mean" : 0,
      "StdDev" : 0,
      "M1" : 0.05261095189003135,
      "M2" : 101.67844528522824,
      "Num" : 287482
    },
    {
      "Min" : -0.06137250000000001,
      "Max" : 0.25469874999999997,
      "Mean" : 0,
      "StdDev" : 0,
      "M1" : 0.031188356662330163,
      "M2" : 60.040246523378613,
      "Num" : 287482
    },
    {
      "Min" : -0.044047500000000003,
      "Max" : 0.63480375,
      "Mean" : 0,
      "StdDev" : 0,
      "M1" : 0.15300856547975178,
      "M2" : 6525.6926392212017,
      "Num" : 287482
    }
  ]
}